up:/example.hello_world/1/one_second#Timer,example.hello_world.v1.Timer
up:/example.hello_world/1/one_minute#Timer,example.hello_world.v1.Timer
up:/body.cabin_climate/1/row1_left#Zone,vehicle.body.cabin_climate.v1.Zone
up:/body.cabin_climate/1/row1_right#Zone,vehicle.body.cabin_climate.v1.Zone
up:/body.cabin_climate/1/row2_left#Zone,vehicle.body.cabin_climate.v1.Zone
up:/body.cabin_climate/1/row2_right#Zone,vehicle.body.cabin_climate.v1.Zone
up:/body.cabin_climate/1/row3_left#Zone,vehicle.body.cabin_climate.v1.Zone
up:/body.cabin_climate/1/row3_right#Zone,vehicle.body.cabin_climate.v1.Zone
up:/body.cabin_climate/1/cabin_hvac#Zones,vehicle.body.cabin_climate.v1.Zones
up:/body.cabin_climate/1/system_settings#SystemSettings,vehicle.body.cabin_climate.v1.SystemSettings
up:/body.horn/1/horn#HornStatus,vehicle.body.horn.v1.HornStatus
up:/body.mirrors/1/side_mirror#HeatedSideMirror,vehicle.body.mirrors.v1.HeatedSideMirror
up:/body.mirrors/1/settings.side_mirror#SideMirrorMovementSettings,vehicle.body.mirrors.v1.SideMirrorMovementSettings
up:/body.mirrors/1/settings.side_mirror#HeatedSideMirrorSettings,vehicle.body.mirrors.v1.HeatedSideMirrorSettings
up:/body.mirrors/1/left#ExteriorSideMirror,vehicle.body.mirrors.v1.ExteriorSideMirror
up:/body.mirrors/1/right#ExteriorSideMirror,vehicle.body.mirrors.v1.ExteriorSideMirror
up:/chassis.braking/1/brake_pedal#BrakePedal,vehicle.chassis.braking.v1.BrakePedal
up:/chassis.braking/1/brake_pads.front#BrakePads,vehicle.chassis.braking.v1.BrakePads
up:/chassis.braking/1/brake_pads.rear#BrakePads,vehicle.chassis.braking.v1.BrakePads
up:/chassis.suspension/1/ride_height#RideHeight,vehicle.chassis.suspension.v1.RideHeight
up:/chassis.suspension/1/ride_height_system_status#RideHeightSystemStatus,vehicle.chassis.suspension.v1.RideHeightSystemStatus
up:/chassis/1/tire.front_left#Tire,vehicle.chassis.v1.Tire
up:/chassis/1/tire.front_right#Tire,vehicle.chassis.v1.Tire
up:/chassis/1/tire.rear_left#Tire,vehicle.chassis.v1.Tire
up:/chassis/1/tire.rear_right#Tire,vehicle.chassis.v1.Tire
up:/chassis/1/tire.rear_left_inner#Tire,vehicle.chassis.v1.Tire
up:/chassis/1/tire.rear_right_inner#Tire,vehicle.chassis.v1.Tire
up:/chassis/1/traction_control_system#TractionControlSystem,vehicle.chassis.v1.TractionControlSystem
up:/chassis/1/electronic_stability_control_system#ElectronicStabilityControlSystem,vehicle.chassis.v1.ElectronicStabilityControlSystem
up:/vehicle.exterior/1/exterior_environment#SolarInformation,vehicle.exterior.v1.SolarInformation
up:/vehicle.exterior/1/exterior_environment#Temperature,vehicle.exterior.v1.Temperature
up:/vehicle.exterior/1/exterior_environment#AmbientLight,vehicle.exterior.v1.AmbientLight
up:/propulsion.engine/1/air_filter#AirFilter,vehicle.propulsion.engine.v1.AirFilter
up:/propulsion.engine/1/oil#Oil,vehicle.propulsion.engine.v1.Oil
up:/propulsion.engine/1/coolant#Coolant,vehicle.propulsion.engine.v1.Coolant
up:/propulsion.engine/1/engine_state#EngineState,vehicle.propulsion.engine.v1.EngineState
up:/propulsion.transmission/1/gear#VehicleGearState,vehicle.propulsion.transmission.v1.VehicleGearState
up:/propulsion.transmission/1/gearbox.primary#Gearbox,vehicle.propulsion.transmission.v1.Gearbox
up:/propulsion.transmission/1/gearbox.secondary#Gearbox,vehicle.propulsion.transmission.v1.Gearbox
up:/vehicle/1/vehicle#TraveledDistance,vehicle.v1.TraveledDistance
up:/vehicle/1/trip_1#TripMeter,vehicle.v1.TripMeter
up:/vehicle/1/trip_2#TripMeter,vehicle.v1.TripMeter
up:/vehicle/1/vehicle#VehicleSpeed,vehicle.v1.VehicleSpeed
up:/vehicle/1/vehicle#CollisionAlert,vehicle.v1.CollisionAlert
up:/vehicle/1/vehicle#TheftAlert,vehicle.v1.TheftAlert
up:/vehicle/1/vehicle_usage.transport_mode#VehicleUsage,vehicle.v1.VehicleUsage
